Name,Url,Category
Rony Abovitz,https://en.wikipedia.org/wiki/Rony_Abovitz,American_technology_chief_executives
Peter Acworth,https://en.wikipedia.org/wiki/Peter_Acworth,American_technology_chief_executives
Gerard Adams,https://en.wikipedia.org/wiki/Gerard_Adams,American_technology_chief_executives
Tom Adams (entrepreneur),https://en.wikipedia.org/wiki/Tom_Adams_(entrepreneur),American_technology_chief_executives
Ramy Adeeb,https://en.wikipedia.org/wiki/Ramy_Adeeb,American_technology_chief_executives
Jay Adelson,https://en.wikipedia.org/wiki/Jay_Adelson,American_technology_chief_executives
Trip Adler,https://en.wikipedia.org/wiki/Trip_Adler,American_technology_chief_executives
Arthur Monty M. Ahalt,https://en.wikipedia.org/wiki/Arthur_Monty_M._Ahalt,American_technology_chief_executives
Dirk Ahlborn,https://en.wikipedia.org/wiki/Dirk_Ahlborn,American_technology_chief_executives
Omar Ahmad (politician),https://en.wikipedia.org/wiki/Omar_Ahmad_(politician),American_technology_chief_executives
John Fellows Akers,https://en.wikipedia.org/wiki/John_Fellows_Akers,American_technology_chief_executives
Peter Alfred-Adekeye,https://en.wikipedia.org/wiki/Peter_Alfred-Adekeye,American_technology_chief_executives
Jeremy Allaire,https://en.wikipedia.org/wiki/Jeremy_Allaire,American_technology_chief_executives
Joseph J. Allaire,https://en.wikipedia.org/wiki/Joseph_J._Allaire,American_technology_chief_executives
Paul Allaire,https://en.wikipedia.org/wiki/Paul_Allaire,American_technology_chief_executives
David Allais,https://en.wikipedia.org/wiki/David_Allais,American_technology_chief_executives
J Allard,https://en.wikipedia.org/wiki/J_Allard,American_technology_chief_executives
Michael W. Allen,https://en.wikipedia.org/wiki/Michael_W._Allen,American_technology_chief_executives
Paul Allen,https://en.wikipedia.org/wiki/Paul_Allen,American_technology_chief_executives
Peter Altabef,https://en.wikipedia.org/wiki/Peter_Altabef,American_technology_chief_executives
Robert A. Altman,https://en.wikipedia.org/wiki/Robert_A._Altman,American_technology_chief_executives
Alfred Amoroso,https://en.wikipedia.org/wiki/Alfred_Amoroso,American_technology_chief_executives
Shawn Amos,https://en.wikipedia.org/wiki/Shawn_Amos,American_technology_chief_executives
Chris Anderson (writer),https://en.wikipedia.org/wiki/Chris_Anderson_(writer),American_technology_chief_executives
Jeffrey Anderson (game designer),https://en.wikipedia.org/wiki/Jeffrey_Anderson_(game_designer),American_technology_chief_executives
Tom Anderson,https://en.wikipedia.org/wiki/Tom_Anderson,American_technology_chief_executives
William S. Anderson,https://en.wikipedia.org/wiki/William_S._Anderson,American_technology_chief_executives
Colin Angle,https://en.wikipedia.org/wiki/Colin_Angle,American_technology_chief_executives
Anousheh Ansari,https://en.wikipedia.org/wiki/Anousheh_Ansari,American_technology_chief_executives
Darcy Antonellis,https://en.wikipedia.org/wiki/Darcy_Antonellis,American_technology_chief_executives
Steve Appleton,https://en.wikipedia.org/wiki/Steve_Appleton,American_technology_chief_executives
Tony Aquila,https://en.wikipedia.org/wiki/Tony_Aquila,American_technology_chief_executives
Shellye Archambeau,https://en.wikipedia.org/wiki/Shellye_Archambeau,American_technology_chief_executives
Garo H. Armen,https://en.wikipedia.org/wiki/Garo_H._Armen,American_technology_chief_executives
C. Michael Armstrong,https://en.wikipedia.org/wiki/C._Michael_Armstrong,American_technology_chief_executives
Tim Armstrong (executive),https://en.wikipedia.org/wiki/Tim_Armstrong_(executive),American_technology_chief_executives
Jeff Arnold (Internet entrepreneur),https://en.wikipedia.org/wiki/Jeff_Arnold_(Internet_entrepreneur),American_technology_chief_executives
Scott Arpajian,https://en.wikipedia.org/wiki/Scott_Arpajian,American_technology_chief_executives
Alma Asay,https://en.wikipedia.org/wiki/Alma_Asay,American_technology_chief_executives
Pete Ashdown,https://en.wikipedia.org/wiki/Pete_Ashdown,American_technology_chief_executives
Amir Ashkenazi,https://en.wikipedia.org/wiki/Amir_Ashkenazi,American_technology_chief_executives
Larry Augustin,https://en.wikipedia.org/wiki/Larry_Augustin,American_technology_chief_executives
Norman R. Augustine,https://en.wikipedia.org/wiki/Norman_R._Augustine,American_technology_chief_executives
Ali Aydar,https://en.wikipedia.org/wiki/Ali_Aydar,American_technology_chief_executives
Ralph H. Baer,https://en.wikipedia.org/wiki/Ralph_H._Baer,American_technology_chief_executives
Safi R. Bahcall,https://en.wikipedia.org/wiki/Safi_R._Bahcall,American_technology_chief_executives
Daniel Baker (businessman),https://en.wikipedia.org/wiki/Daniel_Baker_(businessman),American_technology_chief_executives
Douglas M. Baker Jr.,https://en.wikipedia.org/wiki/Douglas_M._Baker_Jr.,American_technology_chief_executives
Mitchell Baker,https://en.wikipedia.org/wiki/Mitchell_Baker,American_technology_chief_executives
Micah Baldwin,https://en.wikipedia.org/wiki/Micah_Baldwin,American_technology_chief_executives
Andrew Ballen,https://en.wikipedia.org/wiki/Andrew_Ballen,American_technology_chief_executives
Steve Ballmer,https://en.wikipedia.org/wiki/Steve_Ballmer,American_technology_chief_executives
Prith Banerjee,https://en.wikipedia.org/wiki/Prith_Banerjee,American_technology_chief_executives
Sanju Bansal,https://en.wikipedia.org/wiki/Sanju_Bansal,American_technology_chief_executives
Jason Baptiste,https://en.wikipedia.org/wiki/Jason_Baptiste,American_technology_chief_executives
John P. Barber,https://en.wikipedia.org/wiki/John_P._Barber,American_technology_chief_executives
James L. Barksdale,https://en.wikipedia.org/wiki/James_L._Barksdale,American_technology_chief_executives
Justin Barr,https://en.wikipedia.org/wiki/Justin_Barr,American_technology_chief_executives
Craig Barrett (chief executive),https://en.wikipedia.org/wiki/Craig_Barrett_(chief_executive),American_technology_chief_executives
Drew Bartkiewicz,https://en.wikipedia.org/wiki/Drew_Bartkiewicz,American_technology_chief_executives
Rich Barton,https://en.wikipedia.org/wiki/Rich_Barton,American_technology_chief_executives
Carol Bartz,https://en.wikipedia.org/wiki/Carol_Bartz,American_technology_chief_executives
Don Basile,https://en.wikipedia.org/wiki/Don_Basile,American_technology_chief_executives
Carl Bass,https://en.wikipedia.org/wiki/Carl_Bass,American_technology_chief_executives
Patrick Baynes,https://en.wikipedia.org/wiki/Patrick_Baynes,American_technology_chief_executives
Andrew Beal,https://en.wikipedia.org/wiki/Andrew_Beal,American_technology_chief_executives
Stephen Bechtel Sr.,https://en.wikipedia.org/wiki/Stephen_Bechtel_Sr.,American_technology_chief_executives
Arnold Orville Beckman,https://en.wikipedia.org/wiki/Arnold_Orville_Beckman,American_technology_chief_executives
John I. Beggs,https://en.wikipedia.org/wiki/John_I._Beggs,American_technology_chief_executives
Greg M. Behrman,https://en.wikipedia.org/wiki/Greg_M._Behrman,American_technology_chief_executives
Arie Belldegrun,https://en.wikipedia.org/wiki/Arie_Belldegrun,American_technology_chief_executives
Marc Benioff,https://en.wikipedia.org/wiki/Marc_Benioff,American_technology_chief_executives
Naftali Bennett,https://en.wikipedia.org/wiki/Naftali_Bennett,American_technology_chief_executives
Steve Bennett (software entrepreneur),https://en.wikipedia.org/wiki/Steve_Bennett_(software_entrepreneur),American_technology_chief_executives
James Benson,https://en.wikipedia.org/wiki/James_Benson,American_technology_chief_executives
Keith Bergelt,https://en.wikipedia.org/wiki/Keith_Bergelt,American_technology_chief_executives
Rick Bergman,https://en.wikipedia.org/wiki/Rick_Bergman,American_technology_chief_executives
Ben Berkowitz,https://en.wikipedia.org/wiki/Ben_Berkowitz,American_technology_chief_executives
Steven Berkowitz,https://en.wikipedia.org/wiki/Steven_Berkowitz,American_technology_chief_executives
Daniel Bernstein,https://en.wikipedia.org/wiki/Daniel_Bernstein,American_technology_chief_executives
David Berry (inventor),https://en.wikipedia.org/wiki/David_Berry_(inventor),American_technology_chief_executives
James Bessen,https://en.wikipedia.org/wiki/James_Bessen,American_technology_chief_executives
Emily Best,https://en.wikipedia.org/wiki/Emily_Best,American_technology_chief_executives
Garry Betty,https://en.wikipedia.org/wiki/Garry_Betty,American_technology_chief_executives
Jeff Bezos,https://en.wikipedia.org/wiki/Jeff_Bezos,American_technology_chief_executives
Vivek Bhaskaran,https://en.wikipedia.org/wiki/Vivek_Bhaskaran,American_technology_chief_executives
Aneel Bhusri,https://en.wikipedia.org/wiki/Aneel_Bhusri,American_technology_chief_executives
Lukas Biewald,https://en.wikipedia.org/wiki/Lukas_Biewald,American_technology_chief_executives
Jeff Binder,https://en.wikipedia.org/wiki/Jeff_Binder,American_technology_chief_executives
Frank Bisignano,https://en.wikipedia.org/wiki/Frank_Bisignano,American_technology_chief_executives
Jeff Black (businessman),https://en.wikipedia.org/wiki/Jeff_Black_(businessman),American_technology_chief_executives
Michael Bloomberg,https://en.wikipedia.org/wiki/Michael_Bloomberg,American_technology_chief_executives
Neal Blue,https://en.wikipedia.org/wiki/Neal_Blue,American_technology_chief_executives
Yuval Boger,https://en.wikipedia.org/wiki/Yuval_Boger,American_technology_chief_executives
Donald Bogue,https://en.wikipedia.org/wiki/Donald_Bogue,American_technology_chief_executives
Jeff Bonforte,https://en.wikipedia.org/wiki/Jeff_Bonforte,American_technology_chief_executives
Michael Bonsignore,https://en.wikipedia.org/wiki/Michael_Bonsignore,American_technology_chief_executives
Vanu Bose,https://en.wikipedia.org/wiki/Vanu_Bose,American_technology_chief_executives
Roy J. Bostock,https://en.wikipedia.org/wiki/Roy_J._Bostock,American_technology_chief_executives
Christopher Bouton,https://en.wikipedia.org/wiki/Christopher_Bouton,American_technology_chief_executives
Robert A. Bowman,https://en.wikipedia.org/wiki/Robert_A._Bowman,American_technology_chief_executives
Dimitri Boylan,https://en.wikipedia.org/wiki/Dimitri_Boylan,American_technology_chief_executives
Jan Brandt,https://en.wikipedia.org/wiki/Jan_Brandt,American_technology_chief_executives
Jeremy Brandt,https://en.wikipedia.org/wiki/Jeremy_Brandt,American_technology_chief_executives
Steve Bratt,https://en.wikipedia.org/wiki/Steve_Bratt,American_technology_chief_executives
William Bratton,https://en.wikipedia.org/wiki/William_Bratton,American_technology_chief_executives
Keith Brendley,https://en.wikipedia.org/wiki/Keith_Brendley,American_technology_chief_executives
Sergey Brin,https://en.wikipedia.org/wiki/Sergey_Brin,American_technology_chief_executives
Scott Brinker,https://en.wikipedia.org/wiki/Scott_Brinker,American_technology_chief_executives
Mark Britton,https://en.wikipedia.org/wiki/Mark_Britton,American_technology_chief_executives
Andrei Broder,https://en.wikipedia.org/wiki/Andrei_Broder,American_technology_chief_executives
Ezell Brown,https://en.wikipedia.org/wiki/Ezell_Brown,American_technology_chief_executives
Richard H. Brown,https://en.wikipedia.org/wiki/Richard_H._Brown,American_technology_chief_executives
Wendell Brown,https://en.wikipedia.org/wiki/Wendell_Brown,American_technology_chief_executives
Tory Bruno,https://en.wikipedia.org/wiki/Tory_Bruno,American_technology_chief_executives
Shelby Bryan,https://en.wikipedia.org/wiki/Shelby_Bryan,American_technology_chief_executives
Jim Buckmaster,https://en.wikipedia.org/wiki/Jim_Buckmaster,American_technology_chief_executives
Joseph Buonomo,https://en.wikipedia.org/wiki/Joseph_Buonomo,American_technology_chief_executives
Rob Burgess,https://en.wikipedia.org/wiki/Rob_Burgess,American_technology_chief_executives
Ursula Burns,https://en.wikipedia.org/wiki/Ursula_Burns,American_technology_chief_executives
Nolan Bushnell,https://en.wikipedia.org/wiki/Nolan_Bushnell,American_technology_chief_executives
Alex Cable,https://en.wikipedia.org/wiki/Alex_Cable,American_technology_chief_executives
Adam Cahan,https://en.wikipedia.org/wiki/Adam_Cahan,American_technology_chief_executives
Jason Calacanis,https://en.wikipedia.org/wiki/Jason_Calacanis,American_technology_chief_executives
Michael J. Callahan (entrepreneur),https://en.wikipedia.org/wiki/Michael_J._Callahan_(entrepreneur),American_technology_chief_executives
David N. Campbell,https://en.wikipedia.org/wiki/David_N._Campbell,American_technology_chief_executives
Gerry Campbell,https://en.wikipedia.org/wiki/Gerry_Campbell,American_technology_chief_executives
William Campbell (business executive),https://en.wikipedia.org/wiki/William_Campbell_(business_executive),American_technology_chief_executives
Rod Canion,https://en.wikipedia.org/wiki/Rod_Canion,American_technology_chief_executives
Mitch Caplan,https://en.wikipedia.org/wiki/Mitch_Caplan,American_technology_chief_executives
John Carmack,https://en.wikipedia.org/wiki/John_Carmack,American_technology_chief_executives
Lloyd Carney,https://en.wikipedia.org/wiki/Lloyd_Carney,American_technology_chief_executives
Jessica Faye Carter,https://en.wikipedia.org/wiki/Jessica_Faye_Carter,American_technology_chief_executives
Frank T. Cary,https://en.wikipedia.org/wiki/Frank_T._Cary,American_technology_chief_executives
Steve Case,https://en.wikipedia.org/wiki/Steve_Case,American_technology_chief_executives
Edson de Castro,https://en.wikipedia.org/wiki/Edson_de_Castro,American_technology_chief_executives
Safra Catz,https://en.wikipedia.org/wiki/Safra_Catz,American_technology_chief_executives
Gurbaksh Chahal,https://en.wikipedia.org/wiki/Gurbaksh_Chahal,American_technology_chief_executives
John T. Chambers,https://en.wikipedia.org/wiki/John_T._Chambers,American_technology_chief_executives
George Chamillard,https://en.wikipedia.org/wiki/George_Chamillard,American_technology_chief_executives
Yau-Man Chan,https://en.wikipedia.org/wiki/Yau-Man_Chan,American_technology_chief_executives
Emily Chang (web designer),https://en.wikipedia.org/wiki/Emily_Chang_(web_designer),American_technology_chief_executives
Fred Chang,https://en.wikipedia.org/wiki/Fred_Chang,American_technology_chief_executives
Stephen Chao,https://en.wikipedia.org/wiki/Stephen_Chao,American_technology_chief_executives
Marc Chardon,https://en.wikipedia.org/wiki/Marc_Chardon,American_technology_chief_executives
Robin Chase,https://en.wikipedia.org/wiki/Robin_Chase,American_technology_chief_executives
Michael Chasen,https://en.wikipedia.org/wiki/Michael_Chasen,American_technology_chief_executives
John S. Chen,https://en.wikipedia.org/wiki/John_S._Chen,American_technology_chief_executives
Pehong Chen,https://en.wikipedia.org/wiki/Pehong_Chen,American_technology_chief_executives
Perry Chen,https://en.wikipedia.org/wiki/Perry_Chen,American_technology_chief_executives
Steve Chen,https://en.wikipedia.org/wiki/Steve_Chen,American_technology_chief_executives
Louis R. Chênevert,https://en.wikipedia.org/wiki/Louis_R._Ch%C3%AAnevert,American_technology_chief_executives
Audrey Cheng,https://en.wikipedia.org/wiki/Audrey_Cheng,American_technology_chief_executives
Ben Chestnut,https://en.wikipedia.org/wiki/Ben_Chestnut,American_technology_chief_executives
Bruce Chizen,https://en.wikipedia.org/wiki/Bruce_Chizen,American_technology_chief_executives
Lew Cirne,https://en.wikipedia.org/wiki/Lew_Cirne,American_technology_chief_executives
Jeffrey A. Citron,https://en.wikipedia.org/wiki/Jeffrey_A._Citron,American_technology_chief_executives
Bruce Claflin,https://en.wikipedia.org/wiki/Bruce_Claflin,American_technology_chief_executives
Jeff Clarke (businessman),https://en.wikipedia.org/wiki/Jeff_Clarke_(businessman),American_technology_chief_executives
Vance D. Coffman,https://en.wikipedia.org/wiki/Vance_D._Coffman,American_technology_chief_executives
David Cohen (entrepreneur),https://en.wikipedia.org/wiki/David_Cohen_(entrepreneur),American_technology_chief_executives
William T. Coleman III,https://en.wikipedia.org/wiki/William_T._Coleman_III,American_technology_chief_executives
Arthur D. Collins Jr.,https://en.wikipedia.org/wiki/Arthur_D._Collins_Jr.,American_technology_chief_executives
Charles R. Conn,https://en.wikipedia.org/wiki/Charles_R._Conn,American_technology_chief_executives
Bill Conner,https://en.wikipedia.org/wiki/Bill_Conner,American_technology_chief_executives
Andrew Conrad,https://en.wikipedia.org/wiki/Andrew_Conrad,American_technology_chief_executives
Parker Conrad,https://en.wikipedia.org/wiki/Parker_Conrad,American_technology_chief_executives
George Conrades,https://en.wikipedia.org/wiki/George_Conrades,American_technology_chief_executives
Andrew Conru,https://en.wikipedia.org/wiki/Andrew_Conru,American_technology_chief_executives
Cheryl Contee,https://en.wikipedia.org/wiki/Cheryl_Contee,American_technology_chief_executives
Tim Cook,https://en.wikipedia.org/wiki/Tim_Cook,American_technology_chief_executives
Dick Costolo,https://en.wikipedia.org/wiki/Dick_Costolo,American_technology_chief_executives
Philippe Courtot,https://en.wikipedia.org/wiki/Philippe_Courtot,American_technology_chief_executives
Chris Cox (Facebook),https://en.wikipedia.org/wiki/Chris_Cox_(Facebook),American_technology_chief_executives
Neal Creighton,https://en.wikipedia.org/wiki/Neal_Creighton,American_technology_chief_executives
Dennis Crowley,https://en.wikipedia.org/wiki/Dennis_Crowley,American_technology_chief_executives
Mark Cuban,https://en.wikipedia.org/wiki/Mark_Cuban,American_technology_chief_executives
John Curran (businessman),https://en.wikipedia.org/wiki/John_Curran_(businessman),American_technology_chief_executives
Louis D'Ambrosio,https://en.wikipedia.org/wiki/Louis_D%27Ambrosio,American_technology_chief_executives
Adam D'Angelo,https://en.wikipedia.org/wiki/Adam_D%27Angelo,American_technology_chief_executives
Francisco D'Souza,https://en.wikipedia.org/wiki/Francisco_D%27Souza,American_technology_chief_executives
Kenneth C. Dahlberg,https://en.wikipedia.org/wiki/Kenneth_C._Dahlberg,American_technology_chief_executives
Weili Dai,https://en.wikipedia.org/wiki/Weili_Dai,American_technology_chief_executives
Winston Damarillo,https://en.wikipedia.org/wiki/Winston_Damarillo,American_technology_chief_executives
Lucy Danziger,https://en.wikipedia.org/wiki/Lucy_Danziger,American_technology_chief_executives
Susan Danziger,https://en.wikipedia.org/wiki/Susan_Danziger,American_technology_chief_executives
Peter Darbee,https://en.wikipedia.org/wiki/Peter_Darbee,American_technology_chief_executives
Mesut Darendeli,https://en.wikipedia.org/wiki/Mesut_Darendeli,American_technology_chief_executives
Nathan Daschle,https://en.wikipedia.org/wiki/Nathan_Daschle,American_technology_chief_executives
George David,https://en.wikipedia.org/wiki/George_David,American_technology_chief_executives
Bob Davis (businessman),https://en.wikipedia.org/wiki/Bob_Davis_(businessman),American_technology_chief_executives
Bruce Davis (video game industry),https://en.wikipedia.org/wiki/Bruce_Davis_(video_game_industry),American_technology_chief_executives
Todd Davis,https://en.wikipedia.org/wiki/Todd_Davis,American_technology_chief_executives
Joel Dehlin,https://en.wikipedia.org/wiki/Joel_Dehlin,American_technology_chief_executives
Darko Dejanovic,https://en.wikipedia.org/wiki/Darko_Dejanovic,American_technology_chief_executives
Michael Dell,https://en.wikipedia.org/wiki/Michael_Dell,American_technology_chief_executives
Francis deSouza,https://en.wikipedia.org/wiki/Francis_deSouza,American_technology_chief_executives
Robert Dewar,https://en.wikipedia.org/wiki/Robert_Dewar,American_technology_chief_executives
Chris DeWolfe,https://en.wikipedia.org/wiki/Chris_DeWolfe,American_technology_chief_executives
Farzad Dibachi,https://en.wikipedia.org/wiki/Farzad_Dibachi,American_technology_chief_executives
John Dionisio,https://en.wikipedia.org/wiki/John_Dionisio,American_technology_chief_executives
Chris Dixon,https://en.wikipedia.org/wiki/Chris_Dixon,American_technology_chief_executives
John Donahoe,https://en.wikipedia.org/wiki/John_Donahoe,American_technology_chief_executives
Krista Donaldson,https://en.wikipedia.org/wiki/Krista_Donaldson,American_technology_chief_executives
Barnaby Dorfman,https://en.wikipedia.org/wiki/Barnaby_Dorfman,American_technology_chief_executives
David Dorman,https://en.wikipedia.org/wiki/David_Dorman,American_technology_chief_executives
Rael Dornfest,https://en.wikipedia.org/wiki/Rael_Dornfest,American_technology_chief_executives
Jack Dorsey,https://en.wikipedia.org/wiki/Jack_Dorsey,American_technology_chief_executives
Donna Dubinsky,https://en.wikipedia.org/wiki/Donna_Dubinsky,American_technology_chief_executives
David Duffield,https://en.wikipedia.org/wiki/David_Duffield,American_technology_chief_executives
Ben duPont,https://en.wikipedia.org/wiki/Ben_duPont,American_technology_chief_executives
Mark Durcan,https://en.wikipedia.org/wiki/Mark_Durcan,American_technology_chief_executives
Esther Dyson,https://en.wikipedia.org/wiki/Esther_Dyson,American_technology_chief_executives
Joshua Dziabiak,https://en.wikipedia.org/wiki/Joshua_Dziabiak,American_technology_chief_executives
David Ebersman,https://en.wikipedia.org/wiki/David_Ebersman,American_technology_chief_executives
Paul Eibeler,https://en.wikipedia.org/wiki/Paul_Eibeler,American_technology_chief_executives
Brendan Eich,https://en.wikipedia.org/wiki/Brendan_Eich,American_technology_chief_executives
Joseph Einhorn,https://en.wikipedia.org/wiki/Joseph_Einhorn,American_technology_chief_executives
Gil Elbaz,https://en.wikipedia.org/wiki/Gil_Elbaz,American_technology_chief_executives
Larry Ellison,https://en.wikipedia.org/wiki/Larry_Ellison,American_technology_chief_executives
S. Thomas Emerson,https://en.wikipedia.org/wiki/S._Thomas_Emerson,American_technology_chief_executives
Dan Engel,https://en.wikipedia.org/wiki/Dan_Engel,American_technology_chief_executives
Paul M. English,https://en.wikipedia.org/wiki/Paul_M._English,American_technology_chief_executives
Kent Ertugrul,https://en.wikipedia.org/wiki/Kent_Ertugrul,American_technology_chief_executives
Fernando Espuelas,https://en.wikipedia.org/wiki/Fernando_Espuelas,American_technology_chief_executives
Judith Estrin,https://en.wikipedia.org/wiki/Judith_Estrin,American_technology_chief_executives
Tom Evslin,https://en.wikipedia.org/wiki/Tom_Evslin,American_technology_chief_executives
Tony Fadell,https://en.wikipedia.org/wiki/Tony_Fadell,American_technology_chief_executives
Sherman Fairchild,https://en.wikipedia.org/wiki/Sherman_Fairchild,American_technology_chief_executives
Caterina Fake,https://en.wikipedia.org/wiki/Caterina_Fake,American_technology_chief_executives
Randy Falco,https://en.wikipedia.org/wiki/Randy_Falco,American_technology_chief_executives
Lisa Falzone,https://en.wikipedia.org/wiki/Lisa_Falzone,American_technology_chief_executives
Judith Faulkner,https://en.wikipedia.org/wiki/Judith_Faulkner,American_technology_chief_executives
John Fawcett (entrepreneur),https://en.wikipedia.org/wiki/John_Fawcett_(entrepreneur),American_technology_chief_executives
Matt Fellowes,https://en.wikipedia.org/wiki/Matt_Fellowes,American_technology_chief_executives
Matt Ferguson,https://en.wikipedia.org/wiki/Matt_Ferguson,American_technology_chief_executives
Jose Ferreira,https://en.wikipedia.org/wiki/Jose_Ferreira,American_technology_chief_executives
Stacey Ferreira,https://en.wikipedia.org/wiki/Stacey_Ferreira,American_technology_chief_executives
Michael Fertik,https://en.wikipedia.org/wiki/Michael_Fertik,American_technology_chief_executives
Alex Fielding,https://en.wikipedia.org/wiki/Alex_Fielding,American_technology_chief_executives
Carly Fiorina,https://en.wikipedia.org/wiki/Carly_Fiorina,American_technology_chief_executives
Jon Fisher,https://en.wikipedia.org/wiki/Jon_Fisher,American_technology_chief_executives
Jerald G. Fishman,https://en.wikipedia.org/wiki/Jerald_G._Fishman,American_technology_chief_executives
Jennifer Fleiss,https://en.wikipedia.org/wiki/Jennifer_Fleiss,American_technology_chief_executives
Mark Fletcher,https://en.wikipedia.org/wiki/Mark_Fletcher,American_technology_chief_executives
Dennis Fong,https://en.wikipedia.org/wiki/Dennis_Fong,American_technology_chief_executives
Jason Foodman,https://en.wikipedia.org/wiki/Jason_Foodman,American_technology_chief_executives
Kmele Foster,https://en.wikipedia.org/wiki/Kmele_Foster,American_technology_chief_executives
Valerie Fox,https://en.wikipedia.org/wiki/Valerie_Fox,American_technology_chief_executives
Ping Fu,https://en.wikipedia.org/wiki/Ping_Fu,American_technology_chief_executives
Christina Gagnier,https://en.wikipedia.org/wiki/Christina_Gagnier,American_technology_chief_executives
Megan Gaiser,https://en.wikipedia.org/wiki/Megan_Gaiser,American_technology_chief_executives
Dan Galorath,https://en.wikipedia.org/wiki/Dan_Galorath,American_technology_chief_executives
Marc Ganzi,https://en.wikipedia.org/wiki/Marc_Ganzi,American_technology_chief_executives
Larry Garlick,https://en.wikipedia.org/wiki/Larry_Garlick,American_technology_chief_executives
Adriana Gascoigne,https://en.wikipedia.org/wiki/Adriana_Gascoigne,American_technology_chief_executives
Bill Gates,https://en.wikipedia.org/wiki/Bill_Gates,American_technology_chief_executives
Pat Gelsinger,https://en.wikipedia.org/wiki/Pat_Gelsinger,American_technology_chief_executives
Margo Georgiadis,https://en.wikipedia.org/wiki/Margo_Georgiadis,American_technology_chief_executives
Joseph Gerber,https://en.wikipedia.org/wiki/Joseph_Gerber,American_technology_chief_executives
Rip Gerber,https://en.wikipedia.org/wiki/Rip_Gerber,American_technology_chief_executives
Louis V. Gerstner Jr.,https://en.wikipedia.org/wiki/Louis_V._Gerstner_Jr.,American_technology_chief_executives
Caroline Ghosn,https://en.wikipedia.org/wiki/Caroline_Ghosn,American_technology_chief_executives
Charles Giancarlo,https://en.wikipedia.org/wiki/Charles_Giancarlo,American_technology_chief_executives
Larry M. Gibson,https://en.wikipedia.org/wiki/Larry_M._Gibson,American_technology_chief_executives
Jack Gifford,https://en.wikipedia.org/wiki/Jack_Gifford,American_technology_chief_executives
Richard Gingras,https://en.wikipedia.org/wiki/Richard_Gingras,American_technology_chief_executives
Dave Goldberg,https://en.wikipedia.org/wiki/Dave_Goldberg,American_technology_chief_executives
Jason Goldberg (entrepreneur),https://en.wikipedia.org/wiki/Jason_Goldberg_(entrepreneur),American_technology_chief_executives
Nat Goldhaber,https://en.wikipedia.org/wiki/Nat_Goldhaber,American_technology_chief_executives
Li Gong (computer scientist),https://en.wikipedia.org/wiki/Li_Gong_(computer_scientist),American_technology_chief_executives
Otavio Good,https://en.wikipedia.org/wiki/Otavio_Good,American_technology_chief_executives
Gail F. Goodman,https://en.wikipedia.org/wiki/Gail_F._Goodman,American_technology_chief_executives
James Goodnight,https://en.wikipedia.org/wiki/James_Goodnight,American_technology_chief_executives
Robert W. Gore,https://en.wikipedia.org/wiki/Robert_W._Gore,American_technology_chief_executives
Alec Gores,https://en.wikipedia.org/wiki/Alec_Gores,American_technology_chief_executives
Chris Gorog,https://en.wikipedia.org/wiki/Chris_Gorog,American_technology_chief_executives
Steve Gottlieb,https://en.wikipedia.org/wiki/Steve_Gottlieb,American_technology_chief_executives
Harry Gray (business),https://en.wikipedia.org/wiki/Harry_Gray_(business),American_technology_chief_executives
Logan Green,https://en.wikipedia.org/wiki/Logan_Green,American_technology_chief_executives
Diane Greene,https://en.wikipedia.org/wiki/Diane_Greene,American_technology_chief_executives
Bennett Greenspan,https://en.wikipedia.org/wiki/Bennett_Greenspan,American_technology_chief_executives
Bill T. Gross,https://en.wikipedia.org/wiki/Bill_T._Gross,American_technology_chief_executives
Andrew Grove,https://en.wikipedia.org/wiki/Andrew_Grove,American_technology_chief_executives
Garrett Gruener,https://en.wikipedia.org/wiki/Garrett_Gruener,American_technology_chief_executives
Sherry Gunther,https://en.wikipedia.org/wiki/Sherry_Gunther,American_technology_chief_executives
Anant Gupta,https://en.wikipedia.org/wiki/Anant_Gupta,American_technology_chief_executives
S. K. Gupta,https://en.wikipedia.org/wiki/S._K._Gupta,American_technology_chief_executives
John Gustafson (scientist),https://en.wikipedia.org/wiki/John_Gustafson_(scientist),American_technology_chief_executives
Ron Gutman,https://en.wikipedia.org/wiki/Ron_Gutman,American_technology_chief_executives
Ashraf Habibullah,https://en.wikipedia.org/wiki/Ashraf_Habibullah,American_technology_chief_executives
Dave Habiger,https://en.wikipedia.org/wiki/Dave_Habiger,American_technology_chief_executives
David Hagan,https://en.wikipedia.org/wiki/David_Hagan,American_technology_chief_executives
David Hahn (American politician),https://en.wikipedia.org/wiki/David_Hahn_(American_politician),American_technology_chief_executives
Jace Hall,https://en.wikipedia.org/wiki/Jace_Hall,American_technology_chief_executives
John R. Hall (author),https://en.wikipedia.org/wiki/John_R._Hall_(author),American_technology_chief_executives
Brian Halligan,https://en.wikipedia.org/wiki/Brian_Halligan,American_technology_chief_executives
Samer Hamadeh,https://en.wikipedia.org/wiki/Samer_Hamadeh,American_technology_chief_executives
Ellen Hancock,https://en.wikipedia.org/wiki/Ellen_Hancock,American_technology_chief_executives
John Hanke,https://en.wikipedia.org/wiki/John_Hanke,American_technology_chief_executives
Rowland Hanson,https://en.wikipedia.org/wiki/Rowland_Hanson,American_technology_chief_executives
Chris Hardwick,https://en.wikipedia.org/wiki/Chris_Hardwick,American_technology_chief_executives
Daniel Harple,https://en.wikipedia.org/wiki/Daniel_Harple,American_technology_chief_executives
Leslie Harris (lawyer),https://en.wikipedia.org/wiki/Leslie_Harris_(lawyer),American_technology_chief_executives
Marci Harris,https://en.wikipedia.org/wiki/Marci_Harris,American_technology_chief_executives
Todd Harrison,https://en.wikipedia.org/wiki/Todd_Harrison,American_technology_chief_executives
Patti Hart,https://en.wikipedia.org/wiki/Patti_Hart,American_technology_chief_executives
Trip Hawkins,https://en.wikipedia.org/wiki/Trip_Hawkins,American_technology_chief_executives
William Randolph Hearst III,https://en.wikipedia.org/wiki/William_Randolph_Hearst_III,American_technology_chief_executives
Scott Heiferman,https://en.wikipedia.org/wiki/Scott_Heiferman,American_technology_chief_executives
Brett Helm,https://en.wikipedia.org/wiki/Brett_Helm,American_technology_chief_executives
C.W. Henderson,https://en.wikipedia.org/wiki/C.W._Henderson,American_technology_chief_executives
Kevin Henrikson,https://en.wikipedia.org/wiki/Kevin_Henrikson,American_technology_chief_executives
Hooshang Heshmat,https://en.wikipedia.org/wiki/Hooshang_Heshmat,American_technology_chief_executives
Daniel Hesse,https://en.wikipedia.org/wiki/Daniel_Hesse,American_technology_chief_executives
Andrew Hessel,https://en.wikipedia.org/wiki/Andrew_Hessel,American_technology_chief_executives
Phillip Doyce Hester,https://en.wikipedia.org/wiki/Phillip_Doyce_Hester,American_technology_chief_executives
Marillyn Hewson,https://en.wikipedia.org/wiki/Marillyn_Hewson,American_technology_chief_executives
James Hirschfeld,https://en.wikipedia.org/wiki/James_Hirschfeld,American_technology_chief_executives
Jon Hirschtick,https://en.wikipedia.org/wiki/Jon_Hirschtick,American_technology_chief_executives
Jeremy Hitchcock,https://en.wikipedia.org/wiki/Jeremy_Hitchcock,American_technology_chief_executives
Babak Hodjat,https://en.wikipedia.org/wiki/Babak_Hodjat,American_technology_chief_executives
Reid Hoffman,https://en.wikipedia.org/wiki/Reid_Hoffman,American_technology_chief_executives
Robert Hohman,https://en.wikipedia.org/wiki/Robert_Hohman,American_technology_chief_executives
Philip V. Holberton,https://en.wikipedia.org/wiki/Philip_V._Holberton,American_technology_chief_executives
Todd Hollenshead,https://en.wikipedia.org/wiki/Todd_Hollenshead,American_technology_chief_executives
Bri Holt,https://en.wikipedia.org/wiki/Bri_Holt,American_technology_chief_executives
Mark C. Honeywell,https://en.wikipedia.org/wiki/Mark_C._Honeywell,American_technology_chief_executives
Lucy Hood,https://en.wikipedia.org/wiki/Lucy_Hood,American_technology_chief_executives
Lisa Hook,https://en.wikipedia.org/wiki/Lisa_Hook,American_technology_chief_executives
Ben Horowitz,https://en.wikipedia.org/wiki/Ben_Horowitz,American_technology_chief_executives
Mike A. Horton,https://en.wikipedia.org/wiki/Mike_A._Horton,American_technology_chief_executives
Susan Houde-Walter,https://en.wikipedia.org/wiki/Susan_Houde-Walter,American_technology_chief_executives
Patricia House,https://en.wikipedia.org/wiki/Patricia_House,American_technology_chief_executives
Drew Houston,https://en.wikipedia.org/wiki/Drew_Houston,American_technology_chief_executives
Ronald Hovsepian,https://en.wikipedia.org/wiki/Ronald_Hovsepian,American_technology_chief_executives
Ming Hsieh,https://en.wikipedia.org/wiki/Ming_Hsieh,American_technology_chief_executives
Tony Hsieh,https://en.wikipedia.org/wiki/Tony_Hsieh,American_technology_chief_executives
Jensen Huang,https://en.wikipedia.org/wiki/Jensen_Huang,American_technology_chief_executives
Robert T. Huang,https://en.wikipedia.org/wiki/Robert_T._Huang,American_technology_chief_executives
Steve Huffman,https://en.wikipedia.org/wiki/Steve_Huffman,American_technology_chief_executives
Max Hugel,https://en.wikipedia.org/wiki/Max_Hugel,American_technology_chief_executives
Howard Hughes,https://en.wikipedia.org/wiki/Howard_Hughes,American_technology_chief_executives
Mark Hurd,https://en.wikipedia.org/wiki/Mark_Hurd,American_technology_chief_executives
Timothy Hwang,https://en.wikipedia.org/wiki/Timothy_Hwang,American_technology_chief_executives
Jennifer Hyman,https://en.wikipedia.org/wiki/Jennifer_Hyman,American_technology_chief_executives
Michael L. Iaccarino,https://en.wikipedia.org/wiki/Michael_L._Iaccarino,American_technology_chief_executives
Kingsley Uyi Idehen,https://en.wikipedia.org/wiki/Kingsley_Uyi_Idehen,American_technology_chief_executives
Brendan Iribe,https://en.wikipedia.org/wiki/Brendan_Iribe,American_technology_chief_executives
Frank F Islam,https://en.wikipedia.org/wiki/Frank_F_Islam,American_technology_chief_executives
Dev Ittycheria,https://en.wikipedia.org/wiki/Dev_Ittycheria,American_technology_chief_executives
Paul E. Jacobs,https://en.wikipedia.org/wiki/Paul_E._Jacobs,American_technology_chief_executives
Rachel Jacobs,https://en.wikipedia.org/wiki/Rachel_Jacobs,American_technology_chief_executives
Ankur Jain,https://en.wikipedia.org/wiki/Ankur_Jain,American_technology_chief_executives
Naveen Jain,https://en.wikipedia.org/wiki/Naveen_Jain,American_technology_chief_executives
Justin Jaschke,https://en.wikipedia.org/wiki/Justin_Jaschke,American_technology_chief_executives
Andy Jassy,https://en.wikipedia.org/wiki/Andy_Jassy,American_technology_chief_executives
Suzanne Jenniches,https://en.wikipedia.org/wiki/Suzanne_Jenniches,American_technology_chief_executives
Mary Lou Jepsen,https://en.wikipedia.org/wiki/Mary_Lou_Jepsen,American_technology_chief_executives
Sanjay Jha,https://en.wikipedia.org/wiki/Sanjay_Jha,American_technology_chief_executives
Jack Jia,https://en.wikipedia.org/wiki/Jack_Jia,American_technology_chief_executives
Steve Jobs,https://en.wikipedia.org/wiki/Steve_Jobs,American_technology_chief_executives
Marie Johns,https://en.wikipedia.org/wiki/Marie_Johns,American_technology_chief_executives
Sandeep Johri,https://en.wikipedia.org/wiki/Sandeep_Johri,American_technology_chief_executives
Warren Jolly,https://en.wikipedia.org/wiki/Warren_Jolly,American_technology_chief_executives
Boland T. Jones,https://en.wikipedia.org/wiki/Boland_T._Jones,American_technology_chief_executives
Capers Jones,https://en.wikipedia.org/wiki/Capers_Jones,American_technology_chief_executives
Chris Jones (Access Software),https://en.wikipedia.org/wiki/Chris_Jones_(Access_Software),American_technology_chief_executives
Kim Jones (Sun),https://en.wikipedia.org/wiki/Kim_Jones_(Sun),American_technology_chief_executives
Michael Jones (entrepreneur),https://en.wikipedia.org/wiki/Michael_Jones_(entrepreneur),American_technology_chief_executives
Jay Jordan,https://en.wikipedia.org/wiki/Jay_Jordan,American_technology_chief_executives
Mark Jung,https://en.wikipedia.org/wiki/Mark_Jung,American_technology_chief_executives
Travis Kalanick,https://en.wikipedia.org/wiki/Travis_Kalanick,American_technology_chief_executives
Anil Kamath,https://en.wikipedia.org/wiki/Anil_Kamath,American_technology_chief_executives
Dean Kamen,https://en.wikipedia.org/wiki/Dean_Kamen,American_technology_chief_executives
Katherine Anna Kang,https://en.wikipedia.org/wiki/Katherine_Anna_Kang,American_technology_chief_executives
Min Kao,https://en.wikipedia.org/wiki/Min_Kao,American_technology_chief_executives
Vikas Kapoor,https://en.wikipedia.org/wiki/Vikas_Kapoor,American_technology_chief_executives
Jawed Karim,https://en.wikipedia.org/wiki/Jawed_Karim,American_technology_chief_executives
David Karp,https://en.wikipedia.org/wiki/David_Karp,American_technology_chief_executives
Ray Kassar,https://en.wikipedia.org/wiki/Ray_Kassar,American_technology_chief_executives
Danny Kastner,https://en.wikipedia.org/wiki/Danny_Kastner,American_technology_chief_executives
Don Katz,https://en.wikipedia.org/wiki/Don_Katz,American_technology_chief_executives
Scott Kauffman,https://en.wikipedia.org/wiki/Scott_Kauffman,American_technology_chief_executives
Guy Kawasaki,https://en.wikipedia.org/wiki/Guy_Kawasaki,American_technology_chief_executives
Chris C. Kemp,https://en.wikipedia.org/wiki/Chris_C._Kemp,American_technology_chief_executives
Kenna,https://en.wikipedia.org/wiki/Kenna,American_technology_chief_executives
Kevin J. Kennedy,https://en.wikipedia.org/wiki/Kevin_J._Kennedy,American_technology_chief_executives
Dave Kerpen,https://en.wikipedia.org/wiki/Dave_Kerpen,American_technology_chief_executives
Mitchell Kertzman,https://en.wikipedia.org/wiki/Mitchell_Kertzman,American_technology_chief_executives
Sal Khan,https://en.wikipedia.org/wiki/Sal_Khan,American_technology_chief_executives
Vinod Khosla,https://en.wikipedia.org/wiki/Vinod_Khosla,American_technology_chief_executives
Joe Kiani,https://en.wikipedia.org/wiki/Joe_Kiani,American_technology_chief_executives
Jason Kilar,https://en.wikipedia.org/wiki/Jason_Kilar,American_technology_chief_executives
Gary Kildall,https://en.wikipedia.org/wiki/Gary_Kildall,American_technology_chief_executives
Richard Kilmer,https://en.wikipedia.org/wiki/Richard_Kilmer,American_technology_chief_executives
Eric B. Kim,https://en.wikipedia.org/wiki/Eric_B._Kim,American_technology_chief_executives
James Kim (American businessman),https://en.wikipedia.org/wiki/James_Kim_(American_businessman),American_technology_chief_executives
Gideon Kimbrell,https://en.wikipedia.org/wiki/Gideon_Kimbrell,American_technology_chief_executives
Jim Kimsey,https://en.wikipedia.org/wiki/Jim_Kimsey,American_technology_chief_executives
Darren Kimura,https://en.wikipedia.org/wiki/Darren_Kimura,American_technology_chief_executives
Ray King (entrepreneur),https://en.wikipedia.org/wiki/Ray_King_(entrepreneur),American_technology_chief_executives
Chris Klaus,https://en.wikipedia.org/wiki/Chris_Klaus,American_technology_chief_executives
Eric Klinker,https://en.wikipedia.org/wiki/Eric_Klinker,American_technology_chief_executives
Michael F. Koehler,https://en.wikipedia.org/wiki/Michael_F._Koehler,American_technology_chief_executives
Adam Kolawa,https://en.wikipedia.org/wiki/Adam_Kolawa,American_technology_chief_executives
Timothy Koogle,https://en.wikipedia.org/wiki/Timothy_Koogle,American_technology_chief_executives
Josh Kopelman,https://en.wikipedia.org/wiki/Josh_Kopelman,American_technology_chief_executives
Jan Koum,https://en.wikipedia.org/wiki/Jan_Koum,American_technology_chief_executives
Keith J. Krach,https://en.wikipedia.org/wiki/Keith_J._Krach,American_technology_chief_executives
Jon Kraft,https://en.wikipedia.org/wiki/Jon_Kraft,American_technology_chief_executives
Noah Kraft,https://en.wikipedia.org/wiki/Noah_Kraft,American_technology_chief_executives
Sanjay Kumar (business executive),https://en.wikipedia.org/wiki/Sanjay_Kumar_(business_executive),American_technology_chief_executives
"Anastasios ""Takis"" Kyriakides",https://en.wikipedia.org/wiki/Anastasios_%22Takis%22_Kyriakides,American_technology_chief_executives
Rogan LaBier,https://en.wikipedia.org/wiki/Rogan_LaBier,American_technology_chief_executives
Anjan Lahiri,https://en.wikipedia.org/wiki/Anjan_Lahiri,American_technology_chief_executives
Nils Lahr,https://en.wikipedia.org/wiki/Nils_Lahr,American_technology_chief_executives
David K. Lam,https://en.wikipedia.org/wiki/David_K._Lam,American_technology_chief_executives
Howard Lance,https://en.wikipedia.org/wiki/Howard_Lance,American_technology_chief_executives
Richard Lang (CEO),https://en.wikipedia.org/wiki/Richard_Lang_(CEO),American_technology_chief_executives
Matt Larson,https://en.wikipedia.org/wiki/Matt_Larson,American_technology_chief_executives
Allen J. Lauer,https://en.wikipedia.org/wiki/Allen_J._Lauer,American_technology_chief_executives
Jennifer Lawton,https://en.wikipedia.org/wiki/Jennifer_Lawton,American_technology_chief_executives
T. Vincent Learson,https://en.wikipedia.org/wiki/T._Vincent_Learson,American_technology_chief_executives
Bill Lee (author),https://en.wikipedia.org/wiki/Bill_Lee_(author),American_technology_chief_executives
Curtis Lee (entrepreneur),https://en.wikipedia.org/wiki/Curtis_Lee_(entrepreneur),American_technology_chief_executives
Eugene Lee (entrepreneur),https://en.wikipedia.org/wiki/Eugene_Lee_(entrepreneur),American_technology_chief_executives
Kai-Fu Lee,https://en.wikipedia.org/wiki/Kai-Fu_Lee,American_technology_chief_executives
Doug Leeds,https://en.wikipedia.org/wiki/Doug_Leeds,American_technology_chief_executives
John Legere,https://en.wikipedia.org/wiki/John_Legere,American_technology_chief_executives
Tara Lemmey,https://en.wikipedia.org/wiki/Tara_Lemmey,American_technology_chief_executives
Donald Leka,https://en.wikipedia.org/wiki/Donald_Leka,American_technology_chief_executives
Ted Leonsis,https://en.wikipedia.org/wiki/Ted_Leonsis,American_technology_chief_executives
Bismarck Lepe,https://en.wikipedia.org/wiki/Bismarck_Lepe,American_technology_chief_executives
Catherine A. Lesjak,https://en.wikipedia.org/wiki/Catherine_A._Lesjak,American_technology_chief_executives
Max Levchin,https://en.wikipedia.org/wiki/Max_Levchin,American_technology_chief_executives
Aaron Levie,https://en.wikipedia.org/wiki/Aaron_Levie,American_technology_chief_executives
Peter L. Levin,https://en.wikipedia.org/wiki/Peter_L._Levin,American_technology_chief_executives
Ross Levinsohn,https://en.wikipedia.org/wiki/Ross_Levinsohn,American_technology_chief_executives
Arthur D. Levinson,https://en.wikipedia.org/wiki/Arthur_D._Levinson,American_technology_chief_executives
Jim Levy,https://en.wikipedia.org/wiki/Jim_Levy,American_technology_chief_executives
Mike Levy,https://en.wikipedia.org/wiki/Mike_Levy,American_technology_chief_executives
M. Anthony Lewis,https://en.wikipedia.org/wiki/M._Anthony_Lewis,American_technology_chief_executives
Sheng Liang,https://en.wikipedia.org/wiki/Sheng_Liang,American_technology_chief_executives
Igal Lichtman,https://en.wikipedia.org/wiki/Igal_Lichtman,American_technology_chief_executives
John Lilly (computer scientist),https://en.wikipedia.org/wiki/John_Lilly_(computer_scientist),American_technology_chief_executives
Keng Lim,https://en.wikipedia.org/wiki/Keng_Lim,American_technology_chief_executives
Randall Lipps,https://en.wikipedia.org/wiki/Randall_Lipps,American_technology_chief_executives
David Litman,https://en.wikipedia.org/wiki/David_Litman,American_technology_chief_executives
Eric Litman,https://en.wikipedia.org/wiki/Eric_Litman,American_technology_chief_executives
Stephen Liu,https://en.wikipedia.org/wiki/Stephen_Liu,American_technology_chief_executives
Andrea Lo,https://en.wikipedia.org/wiki/Andrea_Lo,American_technology_chief_executives
Robert LoCascio,https://en.wikipedia.org/wiki/Robert_LoCascio,American_technology_chief_executives
Kimber Lockhart,https://en.wikipedia.org/wiki/Kimber_Lockhart,American_technology_chief_executives
Jack London (businessman),https://en.wikipedia.org/wiki/Jack_London_(businessman),American_technology_chief_executives
Mike Long (American businessman),https://en.wikipedia.org/wiki/Mike_Long_(American_businessman),American_technology_chief_executives
Pamela Lopker,https://en.wikipedia.org/wiki/Pamela_Lopker,American_technology_chief_executives
Bob Lord,https://en.wikipedia.org/wiki/Bob_Lord,American_technology_chief_executives
Palmer Luckey,https://en.wikipedia.org/wiki/Palmer_Luckey,American_technology_chief_executives
Stephen J. Luczo,https://en.wikipedia.org/wiki/Stephen_J._Luczo,American_technology_chief_executives
Andrew K. Ludwick,https://en.wikipedia.org/wiki/Andrew_K._Ludwick,American_technology_chief_executives
Mike Lunsford,https://en.wikipedia.org/wiki/Mike_Lunsford,American_technology_chief_executives
Barrett Lyon,https://en.wikipedia.org/wiki/Barrett_Lyon,American_technology_chief_executives
Taber MacCallum,https://en.wikipedia.org/wiki/Taber_MacCallum,American_technology_chief_executives
Stephen A. MacDonald,https://en.wikipedia.org/wiki/Stephen_A._MacDonald,American_technology_chief_executives
Harold MacDowell,https://en.wikipedia.org/wiki/Harold_MacDowell,American_technology_chief_executives
Rao Machiraju,https://en.wikipedia.org/wiki/Rao_Machiraju,American_technology_chief_executives
Kumar Mahadeva,https://en.wikipedia.org/wiki/Kumar_Mahadeva,American_technology_chief_executives
Ray Major,https://en.wikipedia.org/wiki/Ray_Major,American_technology_chief_executives
Kumar Malavalli,https://en.wikipedia.org/wiki/Kumar_Malavalli,American_technology_chief_executives
Christopher Mallick,https://en.wikipedia.org/wiki/Christopher_Mallick,American_technology_chief_executives
Udi Manber,https://en.wikipedia.org/wiki/Udi_Manber,American_technology_chief_executives
Alex J. Mandl,https://en.wikipedia.org/wiki/Alex_J._Mandl,American_technology_chief_executives
Armen Margarian,https://en.wikipedia.org/wiki/Armen_Margarian,American_technology_chief_executives
Giacomo Marini,https://en.wikipedia.org/wiki/Giacomo_Marini,American_technology_chief_executives
Paul Maritz,https://en.wikipedia.org/wiki/Paul_Maritz,American_technology_chief_executives
Mike Markkula,https://en.wikipedia.org/wiki/Mike_Markkula,American_technology_chief_executives
John C. Martin (businessman),https://en.wikipedia.org/wiki/John_C._Martin_(businessman),American_technology_chief_executives
Andrew Mason,https://en.wikipedia.org/wiki/Andrew_Mason,American_technology_chief_executives
Marissa Mayer,https://en.wikipedia.org/wiki/Marissa_Mayer,American_technology_chief_executives
Ross Mayfield,https://en.wikipedia.org/wiki/Ross_Mayfield,American_technology_chief_executives
Rudy A. Mazzocchi,https://en.wikipedia.org/wiki/Rudy_A._Mazzocchi,American_technology_chief_executives
MC Hammer,https://en.wikipedia.org/wiki/MC_Hammer,American_technology_chief_executives
Lowell McAdam,https://en.wikipedia.org/wiki/Lowell_McAdam,American_technology_chief_executives
Darl McBride,https://en.wikipedia.org/wiki/Darl_McBride,American_technology_chief_executives
Gretchen W. McClain,https://en.wikipedia.org/wiki/Gretchen_W._McClain,American_technology_chief_executives
Edward R. McCracken,https://en.wikipedia.org/wiki/Edward_R._McCracken,American_technology_chief_executives
Bill McDermott,https://en.wikipedia.org/wiki/Bill_McDermott,American_technology_chief_executives
Ian McDowall,https://en.wikipedia.org/wiki/Ian_McDowall,American_technology_chief_executives
Billy McFarland (entrepreneur),https://en.wikipedia.org/wiki/Billy_McFarland_(entrepreneur),American_technology_chief_executives
Emmit McHenry,https://en.wikipedia.org/wiki/Emmit_McHenry,American_technology_chief_executives
Constance McKee,https://en.wikipedia.org/wiki/Constance_McKee,American_technology_chief_executives
Scott McNealy,https://en.wikipedia.org/wiki/Scott_McNealy,American_technology_chief_executives
C. Edward McVaney,https://en.wikipedia.org/wiki/C._Edward_McVaney,American_technology_chief_executives
Bruce McWilliams,https://en.wikipedia.org/wiki/Bruce_McWilliams,American_technology_chief_executives
Mark Stephen Meadows,https://en.wikipedia.org/wiki/Mark_Stephen_Meadows,American_technology_chief_executives
Sanjay Mehrotra,https://en.wikipedia.org/wiki/Sanjay_Mehrotra,American_technology_chief_executives
Gary Mekikian,https://en.wikipedia.org/wiki/Gary_Mekikian,American_technology_chief_executives
Susan Mernit,https://en.wikipedia.org/wiki/Susan_Mernit,American_technology_chief_executives
Dwight Merriman,https://en.wikipedia.org/wiki/Dwight_Merriman,American_technology_chief_executives
Heidi Messer,https://en.wikipedia.org/wiki/Heidi_Messer,American_technology_chief_executives
Stephen Messer (entrepreneur),https://en.wikipedia.org/wiki/Stephen_Messer_(entrepreneur),American_technology_chief_executives
Robert Metcalfe,https://en.wikipedia.org/wiki/Robert_Metcalfe,American_technology_chief_executives
Dirk Meyer,https://en.wikipedia.org/wiki/Dirk_Meyer,American_technology_chief_executives
Erick Miller,https://en.wikipedia.org/wiki/Erick_Miller,American_technology_chief_executives
Steve Miller (business),https://en.wikipedia.org/wiki/Steve_Miller_(business),American_technology_chief_executives
Bob Miner,https://en.wikipedia.org/wiki/Bob_Miner,American_technology_chief_executives
Joe Mohen,https://en.wikipedia.org/wiki/Joe_Mohen,American_technology_chief_executives
Gordon Moore,https://en.wikipedia.org/wiki/Gordon_Moore,American_technology_chief_executives
Linda Moore (businesswoman),https://en.wikipedia.org/wiki/Linda_Moore_(businesswoman),American_technology_chief_executives
Dave Morin,https://en.wikipedia.org/wiki/Dave_Morin,American_technology_chief_executives
Dennis Morin,https://en.wikipedia.org/wiki/Dennis_Morin,American_technology_chief_executives
Tim Morse,https://en.wikipedia.org/wiki/Tim_Morse,American_technology_chief_executives
Avi Muchnick,https://en.wikipedia.org/wiki/Avi_Muchnick,American_technology_chief_executives
Bob Muglia,https://en.wikipedia.org/wiki/Bob_Muglia,American_technology_chief_executives
Anne M. Mulcahy,https://en.wikipedia.org/wiki/Anne_M._Mulcahy,American_technology_chief_executives
Elon Musk,https://en.wikipedia.org/wiki/Elon_Musk,American_technology_chief_executives
Yasmine Mustafa,https://en.wikipedia.org/wiki/Yasmine_Mustafa,American_technology_chief_executives
Mubarak Muyika,https://en.wikipedia.org/wiki/Mubarak_Muyika,American_technology_chief_executives
Satya Nadella,https://en.wikipedia.org/wiki/Satya_Nadella,American_technology_chief_executives
Jai Nagarkatti,https://en.wikipedia.org/wiki/Jai_Nagarkatti,American_technology_chief_executives
David Nagel,https://en.wikipedia.org/wiki/David_Nagel,American_technology_chief_executives
Richard Nanula,https://en.wikipedia.org/wiki/Richard_Nanula,American_technology_chief_executives
Priya Narasimhan,https://en.wikipedia.org/wiki/Priya_Narasimhan,American_technology_chief_executives
Shantanu Narayen,https://en.wikipedia.org/wiki/Shantanu_Narayen,American_technology_chief_executives
Ike Nassi,https://en.wikipedia.org/wiki/Ike_Nassi,American_technology_chief_executives
Marc Nathanson,https://en.wikipedia.org/wiki/Marc_Nathanson,American_technology_chief_executives
Zach Nelson,https://en.wikipedia.org/wiki/Zach_Nelson,American_technology_chief_executives
Brian NeSmith,https://en.wikipedia.org/wiki/Brian_NeSmith,American_technology_chief_executives
Gabe Newell,https://en.wikipedia.org/wiki/Gabe_Newell,American_technology_chief_executives
Tod Nielsen,https://en.wikipedia.org/wiki/Tod_Nielsen,American_technology_chief_executives
Daniel Nissan,https://en.wikipedia.org/wiki/Daniel_Nissan,American_technology_chief_executives
Robert Noyce,https://en.wikipedia.org/wiki/Robert_Noyce,American_technology_chief_executives
Ed Oates,https://en.wikipedia.org/wiki/Ed_Oates,American_technology_chief_executives
Alexis Ohanian,https://en.wikipedia.org/wiki/Alexis_Ohanian,American_technology_chief_executives
Christopher O'Malley,https://en.wikipedia.org/wiki/Christopher_O%27Malley,American_technology_chief_executives
John R. Opel,https://en.wikipedia.org/wiki/John_R._Opel,American_technology_chief_executives
David E. Orton,https://en.wikipedia.org/wiki/David_E._Orton,American_technology_chief_executives
Paul Otellini,https://en.wikipedia.org/wiki/Paul_Otellini,American_technology_chief_executives
Laura Owen,https://en.wikipedia.org/wiki/Laura_Owen,American_technology_chief_executives
William Owens (admiral),https://en.wikipedia.org/wiki/William_Owens_(admiral),American_technology_chief_executives
Eren Ozmen,https://en.wikipedia.org/wiki/Eren_Ozmen,American_technology_chief_executives
Fatih Ozmen,https://en.wikipedia.org/wiki/Fatih_Ozmen,American_technology_chief_executives
David Packard,https://en.wikipedia.org/wiki/David_Packard,American_technology_chief_executives
Larry Page,https://en.wikipedia.org/wiki/Larry_Page,American_technology_chief_executives
Robert Palmer (computer businessman),https://en.wikipedia.org/wiki/Robert_Palmer_(computer_businessman),American_technology_chief_executives
Samuel J. Palmisano,https://en.wikipedia.org/wiki/Samuel_J._Palmisano,American_technology_chief_executives
Will Pan,https://en.wikipedia.org/wiki/Will_Pan,American_technology_chief_executives
Vijay Pandurangan,https://en.wikipedia.org/wiki/Vijay_Pandurangan,American_technology_chief_executives
Ellen Pao,https://en.wikipedia.org/wiki/Ellen_Pao,American_technology_chief_executives
Sean Parker,https://en.wikipedia.org/wiki/Sean_Parker,American_technology_chief_executives
Neal Patterson,https://en.wikipedia.org/wiki/Neal_Patterson,American_technology_chief_executives
Rachel Payne,https://en.wikipedia.org/wiki/Rachel_Payne,American_technology_chief_executives
Stephen Pearse,https://en.wikipedia.org/wiki/Stephen_Pearse,American_technology_chief_executives
Brad Pelo,https://en.wikipedia.org/wiki/Brad_Pelo,American_technology_chief_executives
Dan Pelson,https://en.wikipedia.org/wiki/Dan_Pelson,American_technology_chief_executives
Victor Peng,https://en.wikipedia.org/wiki/Victor_Peng,American_technology_chief_executives
Robert Pera,https://en.wikipedia.org/wiki/Robert_Pera,American_technology_chief_executives
Kim Perell,https://en.wikipedia.org/wiki/Kim_Perell,American_technology_chief_executives
Andrew Perlman,https://en.wikipedia.org/wiki/Andrew_Perlman,American_technology_chief_executives
David Perry (entrepreneur),https://en.wikipedia.org/wiki/David_Perry_(entrepreneur),American_technology_chief_executives
Don Peterson,https://en.wikipedia.org/wiki/Don_Peterson,American_technology_chief_executives
Jeffrey Peterson,https://en.wikipedia.org/wiki/Jeffrey_Peterson,American_technology_chief_executives
Thuan Pham,https://en.wikipedia.org/wiki/Thuan_Pham,American_technology_chief_executives
Charles Phillips (businessman),https://en.wikipedia.org/wiki/Charles_Phillips_(businessman),American_technology_chief_executives
K. Thomas Pickard,https://en.wikipedia.org/wiki/K._Thomas_Pickard,American_technology_chief_executives
Mark Pincus,https://en.wikipedia.org/wiki/Mark_Pincus,American_technology_chief_executives
Randy Pitchford,https://en.wikipedia.org/wiki/Randy_Pitchford,American_technology_chief_executives
Matthew Pittinsky,https://en.wikipedia.org/wiki/Matthew_Pittinsky,American_technology_chief_executives
Martin Plaehn,https://en.wikipedia.org/wiki/Martin_Plaehn,American_technology_chief_executives
Lewis E. Platt,https://en.wikipedia.org/wiki/Lewis_E._Platt,American_technology_chief_executives
Kim Polese,https://en.wikipedia.org/wiki/Kim_Polese,American_technology_chief_executives
Joris Poort,https://en.wikipedia.org/wiki/Joris_Poort,American_technology_chief_executives
Daniel Porter,https://en.wikipedia.org/wiki/Daniel_Porter,American_technology_chief_executives
Craig Powell (businessman),https://en.wikipedia.org/wiki/Craig_Powell_(businessman),American_technology_chief_executives
Nitin Pradhan,https://en.wikipedia.org/wiki/Nitin_Pradhan,American_technology_chief_executives
Bhargav Sri Prakash,https://en.wikipedia.org/wiki/Bhargav_Sri_Prakash,American_technology_chief_executives
Tom Preston-Werner,https://en.wikipedia.org/wiki/Tom_Preston-Werner,American_technology_chief_executives
Hal Prewitt,https://en.wikipedia.org/wiki/Hal_Prewitt,American_technology_chief_executives
Roy Price,https://en.wikipedia.org/wiki/Roy_Price,American_technology_chief_executives
Gregory Prince,https://en.wikipedia.org/wiki/Gregory_Prince,American_technology_chief_executives
Larry Probst,https://en.wikipedia.org/wiki/Larry_Probst,American_technology_chief_executives
Stav Prodromou,https://en.wikipedia.org/wiki/Stav_Prodromou,American_technology_chief_executives
Mike Pronovost,https://en.wikipedia.org/wiki/Mike_Pronovost,American_technology_chief_executives
Safi Qureshey,https://en.wikipedia.org/wiki/Safi_Qureshey,American_technology_chief_executives
Hooman Radfar,https://en.wikipedia.org/wiki/Hooman_Radfar,American_technology_chief_executives
Ketan Rahangdale,https://en.wikipedia.org/wiki/Ketan_Rahangdale,American_technology_chief_executives
Raj Mamodia,https://en.wikipedia.org/wiki/Raj_Mamodia,American_technology_chief_executives
Geoff Ralston,https://en.wikipedia.org/wiki/Geoff_Ralston,American_technology_chief_executives
Vivek Ranadivé,https://en.wikipedia.org/wiki/Vivek_Ranadiv%C3%A9,American_technology_chief_executives
Ben Rattray,https://en.wikipedia.org/wiki/Ben_Rattray,American_technology_chief_executives
Rory Read,https://en.wikipedia.org/wiki/Rory_Read,American_technology_chief_executives
John Scott Redd,https://en.wikipedia.org/wiki/John_Scott_Redd,American_technology_chief_executives
Howard L. Resnikoff,https://en.wikipedia.org/wiki/Howard_L._Resnikoff,American_technology_chief_executives
Wally Rhines,https://en.wikipedia.org/wiki/Wally_Rhines,American_technology_chief_executives
Glenn Ricart,https://en.wikipedia.org/wiki/Glenn_Ricart,American_technology_chief_executives
John Riccitiello,https://en.wikipedia.org/wiki/John_Riccitiello,American_technology_chief_executives
Karen Richardson,https://en.wikipedia.org/wiki/Karen_Richardson,American_technology_chief_executives
Alex Rigopulos,https://en.wikipedia.org/wiki/Alex_Rigopulos,American_technology_chief_executives
Chuck Robbins,https://en.wikipedia.org/wiki/Chuck_Robbins,American_technology_chief_executives
Ralph J. Roberts,https://en.wikipedia.org/wiki/Ralph_J._Roberts,American_technology_chief_executives
T. J. Rodgers,https://en.wikipedia.org/wiki/T._J._Rodgers,American_technology_chief_executives
Dan Rodrigues,https://en.wikipedia.org/wiki/Dan_Rodrigues,American_technology_chief_executives
Paul Romer,https://en.wikipedia.org/wiki/Paul_Romer,American_technology_chief_executives
Ginni Rometty,https://en.wikipedia.org/wiki/Ginni_Rometty,American_technology_chief_executives
Tagg Romney,https://en.wikipedia.org/wiki/Tagg_Romney,American_technology_chief_executives
David L. Rose,https://en.wikipedia.org/wiki/David_L._Rose,American_technology_chief_executives
Philip Rosedale,https://en.wikipedia.org/wiki/Philip_Rosedale,American_technology_chief_executives
Benjamin M. Rosen,https://en.wikipedia.org/wiki/Benjamin_M._Rosen,American_technology_chief_executives
Bob Rosenschein,https://en.wikipedia.org/wiki/Bob_Rosenschein,American_technology_chief_executives
Vivian Rosenthal,https://en.wikipedia.org/wiki/Vivian_Rosenthal,American_technology_chief_executives
Wayne Rosing,https://en.wikipedia.org/wiki/Wayne_Rosing,American_technology_chief_executives
G. Marq Roswell,https://en.wikipedia.org/wiki/G._Marq_Roswell,American_technology_chief_executives
Andy Rubin,https://en.wikipedia.org/wiki/Andy_Rubin,American_technology_chief_executives
Michael G. Rubin,https://en.wikipedia.org/wiki/Michael_G._Rubin,American_technology_chief_executives
Jon Rubinstein,https://en.wikipedia.org/wiki/Jon_Rubinstein,American_technology_chief_executives
Hector Ruiz,https://en.wikipedia.org/wiki/Hector_Ruiz,American_technology_chief_executives
Jim Rutt,https://en.wikipedia.org/wiki/Jim_Rutt,American_technology_chief_executives
James Ryan (cyber security),https://en.wikipedia.org/wiki/James_Ryan_(cyber_security),American_technology_chief_executives
Kevin P. Ryan,https://en.wikipedia.org/wiki/Kevin_P._Ryan,American_technology_chief_executives
Paul Sagan,https://en.wikipedia.org/wiki/Paul_Sagan,American_technology_chief_executives
Enrique Salem,https://en.wikipedia.org/wiki/Enrique_Salem,American_technology_chief_executives
Sheryl Sandberg,https://en.wikipedia.org/wiki/Sheryl_Sandberg,American_technology_chief_executives
Jerry Sanders (businessman),https://en.wikipedia.org/wiki/Jerry_Sanders_(businessman),American_technology_chief_executives
Steve Sanghi,https://en.wikipedia.org/wiki/Steve_Sanghi,American_technology_chief_executives
Arun Sarin,https://en.wikipedia.org/wiki/Arun_Sarin,American_technology_chief_executives
Asha Saxena (professor),https://en.wikipedia.org/wiki/Asha_Saxena_(professor),American_technology_chief_executives
Michael J. Saylor,https://en.wikipedia.org/wiki/Michael_J._Saylor,American_technology_chief_executives
Max Schireson,https://en.wikipedia.org/wiki/Max_Schireson,American_technology_chief_executives
Philipp Schloter,https://en.wikipedia.org/wiki/Philipp_Schloter,American_technology_chief_executives
Eric Schmidt,https://en.wikipedia.org/wiki/Eric_Schmidt,American_technology_chief_executives
Scott Schreer,https://en.wikipedia.org/wiki/Scott_Schreer,American_technology_chief_executives
Kenneth L. Schroeder,https://en.wikipedia.org/wiki/Kenneth_L._Schroeder,American_technology_chief_executives
Mike Schroepfer,https://en.wikipedia.org/wiki/Mike_Schroepfer,American_technology_chief_executives
Barry Schuler,https://en.wikipedia.org/wiki/Barry_Schuler,American_technology_chief_executives
Jonathan I. Schwartz,https://en.wikipedia.org/wiki/Jonathan_I._Schwartz,American_technology_chief_executives
Matthew L. Scullin,https://en.wikipedia.org/wiki/Matthew_L._Scullin,American_technology_chief_executives
Joseph Segel,https://en.wikipedia.org/wiki/Joseph_Segel,American_technology_chief_executives
Paul Segre,https://en.wikipedia.org/wiki/Paul_Segre,American_technology_chief_executives
Terry Semel,https://en.wikipedia.org/wiki/Terry_Semel,American_technology_chief_executives
Maneesh Sethi,https://en.wikipedia.org/wiki/Maneesh_Sethi,American_technology_chief_executives
Joseph Sgro,https://en.wikipedia.org/wiki/Joseph_Sgro,American_technology_chief_executives
George Shaheen,https://en.wikipedia.org/wiki/George_Shaheen,American_technology_chief_executives
Gabriel Shaoolian,https://en.wikipedia.org/wiki/Gabriel_Shaoolian,American_technology_chief_executives
Phillip Sheppard,https://en.wikipedia.org/wiki/Phillip_Sheppard,American_technology_chief_executives
Elissa Shevinsky,https://en.wikipedia.org/wiki/Elissa_Shevinsky,American_technology_chief_executives
"Joanna Shields, Baroness Shields","https://en.wikipedia.org/wiki/Joanna_Shields,_Baroness_Shields",American_technology_chief_executives
Clara Shih,https://en.wikipedia.org/wiki/Clara_Shih,American_technology_chief_executives
Martin Shkreli,https://en.wikipedia.org/wiki/Martin_Shkreli,American_technology_chief_executives
Alan Shugart,https://en.wikipedia.org/wiki/Alan_Shugart,American_technology_chief_executives
John W. Sidgmore,https://en.wikipedia.org/wiki/John_W._Sidgmore,American_technology_chief_executives
Thomas Siebel,https://en.wikipedia.org/wiki/Thomas_Siebel,American_technology_chief_executives
Matthew Louis Siegel,https://en.wikipedia.org/wiki/Matthew_Louis_Siegel,American_technology_chief_executives
Vishal Sikka,https://en.wikipedia.org/wiki/Vishal_Sikka,American_technology_chief_executives
Jane Silber,https://en.wikipedia.org/wiki/Jane_Silber,American_technology_chief_executives
Abbey Silverstone,https://en.wikipedia.org/wiki/Abbey_Silverstone,American_technology_chief_executives
David Siminoff,https://en.wikipedia.org/wiki/David_Siminoff,American_technology_chief_executives
Ellen Siminoff,https://en.wikipedia.org/wiki/Ellen_Siminoff,American_technology_chief_executives
Pradeep Sindhu,https://en.wikipedia.org/wiki/Pradeep_Sindhu,American_technology_chief_executives
Alex Skatell,https://en.wikipedia.org/wiki/Alex_Skatell,American_technology_chief_executives
Jack Smith (Hotmail),https://en.wikipedia.org/wiki/Jack_Smith_(Hotmail),American_technology_chief_executives
Jeffrey Christopher Smith,https://en.wikipedia.org/wiki/Jeffrey_Christopher_Smith,American_technology_chief_executives
Rick Snyder,https://en.wikipedia.org/wiki/Rick_Snyder,American_technology_chief_executives
Sigmund Solares,https://en.wikipedia.org/wiki/Sigmund_Solares,American_technology_chief_executives
Paul Soros,https://en.wikipedia.org/wiki/Paul_Soros,American_technology_chief_executives
Tommy Sowers,https://en.wikipedia.org/wiki/Tommy_Sowers,American_technology_chief_executives
Lynette Spano,https://en.wikipedia.org/wiki/Lynette_Spano,American_technology_chief_executives
Evan Spiegel,https://en.wikipedia.org/wiki/Evan_Spiegel,American_technology_chief_executives
Nova Spivack,https://en.wikipedia.org/wiki/Nova_Spivack,American_technology_chief_executives
John W. Stanton,https://en.wikipedia.org/wiki/John_W._Stanton,American_technology_chief_executives
Raymie Stata,https://en.wikipedia.org/wiki/Raymie_Stata,American_technology_chief_executives
Jon Steinberg,https://en.wikipedia.org/wiki/Jon_Steinberg,American_technology_chief_executives
Jeff Stibel,https://en.wikipedia.org/wiki/Jeff_Stibel,American_technology_chief_executives
Biz Stone,https://en.wikipedia.org/wiki/Biz_Stone,American_technology_chief_executives
Jeremy Stoppelman,https://en.wikipedia.org/wiki/Jeremy_Stoppelman,American_technology_chief_executives
Dennis Strigl,https://en.wikipedia.org/wiki/Dennis_Strigl,American_technology_chief_executives
Lisa Su,https://en.wikipedia.org/wiki/Lisa_Su,American_technology_chief_executives
James Sun,https://en.wikipedia.org/wiki/James_Sun,American_technology_chief_executives
Quinn Sutton,https://en.wikipedia.org/wiki/Quinn_Sutton,American_technology_chief_executives
Stephen Swad,https://en.wikipedia.org/wiki/Stephen_Swad,American_technology_chief_executives
John A. Swanson,https://en.wikipedia.org/wiki/John_A._Swanson,American_technology_chief_executives
Patrick Sweeney (entrepreneur),https://en.wikipedia.org/wiki/Patrick_Sweeney_(entrepreneur),American_technology_chief_executives
Tim Sweeney (game developer),https://en.wikipedia.org/wiki/Tim_Sweeney_(game_developer),American_technology_chief_executives
Kevin Systrom,https://en.wikipedia.org/wiki/Kevin_Systrom,American_technology_chief_executives
Matthew Szulik,https://en.wikipedia.org/wiki/Matthew_Szulik,American_technology_chief_executives
David Tabizel,https://en.wikipedia.org/wiki/David_Tabizel,American_technology_chief_executives
Lip-Bu Tan,https://en.wikipedia.org/wiki/Lip-Bu_Tan,American_technology_chief_executives
Larry Tanz,https://en.wikipedia.org/wiki/Larry_Tanz,American_technology_chief_executives
Tarus Balog,https://en.wikipedia.org/wiki/Tarus_Balog,American_technology_chief_executives
Kirill Tatarinov,https://en.wikipedia.org/wiki/Kirill_Tatarinov,American_technology_chief_executives
Bret Taylor,https://en.wikipedia.org/wiki/Bret_Taylor,American_technology_chief_executives
Everette Taylor,https://en.wikipedia.org/wiki/Everette_Taylor,American_technology_chief_executives
Chuck Templeton,https://en.wikipedia.org/wiki/Chuck_Templeton,American_technology_chief_executives
Mark B. Templeton,https://en.wikipedia.org/wiki/Mark_B._Templeton,American_technology_chief_executives
Rich Templeton,https://en.wikipedia.org/wiki/Rich_Templeton,American_technology_chief_executives
David L. Tennenhouse,https://en.wikipedia.org/wiki/David_L._Tennenhouse,American_technology_chief_executives
Joshua Tetrick,https://en.wikipedia.org/wiki/Joshua_Tetrick,American_technology_chief_executives
Peter Thiel,https://en.wikipedia.org/wiki/Peter_Thiel,American_technology_chief_executives
John W. Thompson,https://en.wikipedia.org/wiki/John_W._Thompson,American_technology_chief_executives
Scott Thompson (businessman),https://en.wikipedia.org/wiki/Scott_Thompson_(businessman),American_technology_chief_executives
Tien Tzuo,https://en.wikipedia.org/wiki/Tien_Tzuo,American_technology_chief_executives
Tolga Tanriseven,https://en.wikipedia.org/wiki/Tolga_Tanriseven,American_technology_chief_executives
Tomer Kagan,https://en.wikipedia.org/wiki/Tomer_Kagan,American_technology_chief_executives
Gary L. Tooker,https://en.wikipedia.org/wiki/Gary_L._Tooker,American_technology_chief_executives
Donato Tramuto,https://en.wikipedia.org/wiki/Donato_Tramuto,American_technology_chief_executives
Alan Trefler,https://en.wikipedia.org/wiki/Alan_Trefler,American_technology_chief_executives
Joseph M. Tucci,https://en.wikipedia.org/wiki/Joseph_M._Tucci,American_technology_chief_executives
Ronald L. Turner,https://en.wikipedia.org/wiki/Ronald_L._Turner,American_technology_chief_executives
Arthur Tyde,https://en.wikipedia.org/wiki/Arthur_Tyde,American_technology_chief_executives
Jayshree Ullal,https://en.wikipedia.org/wiki/Jayshree_Ullal,American_technology_chief_executives
Peter Ungaro,https://en.wikipedia.org/wiki/Peter_Ungaro,American_technology_chief_executives
George Uribe,https://en.wikipedia.org/wiki/George_Uribe,American_technology_chief_executives
Chris Urmson,https://en.wikipedia.org/wiki/Chris_Urmson,American_technology_chief_executives
Owen Van Natta,https://en.wikipedia.org/wiki/Owen_Van_Natta,American_technology_chief_executives
Travis VanderZanden,https://en.wikipedia.org/wiki/Travis_VanderZanden,American_technology_chief_executives
Bill Vass,https://en.wikipedia.org/wiki/Bill_Vass,American_technology_chief_executives
Ashok Vemuri,https://en.wikipedia.org/wiki/Ashok_Vemuri,American_technology_chief_executives
David Venable,https://en.wikipedia.org/wiki/David_Venable,American_technology_chief_executives
Craig Venter,https://en.wikipedia.org/wiki/Craig_Venter,American_technology_chief_executives
C Vijayakumar,https://en.wikipedia.org/wiki/C_Vijayakumar,American_technology_chief_executives
Paul Vixie,https://en.wikipedia.org/wiki/Paul_Vixie,American_technology_chief_executives
Alexa von Tobel,https://en.wikipedia.org/wiki/Alexa_von_Tobel,American_technology_chief_executives
Julie Wainwright,https://en.wikipedia.org/wiki/Julie_Wainwright,American_technology_chief_executives
Steven Waldman,https://en.wikipedia.org/wiki/Steven_Waldman,American_technology_chief_executives
Chris Wanstrath,https://en.wikipedia.org/wiki/Chris_Wanstrath,American_technology_chief_executives
Brad Wardell,https://en.wikipedia.org/wiki/Brad_Wardell,American_technology_chief_executives
Robert J. Warren,https://en.wikipedia.org/wiki/Robert_J._Warren,American_technology_chief_executives
Bill Watkins (Seagate),https://en.wikipedia.org/wiki/Bill_Watkins_(Seagate),American_technology_chief_executives
Matt Watson (entrepreneur),https://en.wikipedia.org/wiki/Matt_Watson_(entrepreneur),American_technology_chief_executives
Thomas J. Watson,https://en.wikipedia.org/wiki/Thomas_J._Watson,American_technology_chief_executives
Thomas Watson Jr.,https://en.wikipedia.org/wiki/Thomas_Watson_Jr.,American_technology_chief_executives
Robert Wayman,https://en.wikipedia.org/wiki/Robert_Wayman,American_technology_chief_executives
Maynard Webb,https://en.wikipedia.org/wiki/Maynard_Webb,American_technology_chief_executives
David N. Weidman,https://en.wikipedia.org/wiki/David_N._Weidman,American_technology_chief_executives
Alan Weinberger,https://en.wikipedia.org/wiki/Alan_Weinberger,American_technology_chief_executives
Jeff Weiner,https://en.wikipedia.org/wiki/Jeff_Weiner,American_technology_chief_executives
Andrew Weinreich,https://en.wikipedia.org/wiki/Andrew_Weinreich,American_technology_chief_executives
Michael D. West,https://en.wikipedia.org/wiki/Michael_D._West,American_technology_chief_executives
Debra Wexler,https://en.wikipedia.org/wiki/Debra_Wexler,American_technology_chief_executives
Tarah Wheeler,https://en.wikipedia.org/wiki/Tarah_Wheeler,American_technology_chief_executives
Dez White (businesswoman),https://en.wikipedia.org/wiki/Dez_White_(businesswoman),American_technology_chief_executives
Jim Whitehurst,https://en.wikipedia.org/wiki/Jim_Whitehurst,American_technology_chief_executives
Meg Whitman,https://en.wikipedia.org/wiki/Meg_Whitman,American_technology_chief_executives
Whurley,https://en.wikipedia.org/wiki/Whurley,American_technology_chief_executives
Robert S. Wiesenthal,https://en.wikipedia.org/wiki/Robert_S._Wiesenthal,American_technology_chief_executives
Evan Williams (Internet entrepreneur),https://en.wikipedia.org/wiki/Evan_Williams_(Internet_entrepreneur),American_technology_chief_executives
Matt Williams (Internet entrepreneur),https://en.wikipedia.org/wiki/Matt_Williams_(Internet_entrepreneur),American_technology_chief_executives
Joseph C. Wilson (entrepreneur),https://en.wikipedia.org/wiki/Joseph_C._Wilson_(entrepreneur),American_technology_chief_executives
Susan Wojcicki,https://en.wikipedia.org/wiki/Susan_Wojcicki,American_technology_chief_executives
Michael Wolf (businessman),https://en.wikipedia.org/wiki/Michael_Wolf_(businessman),American_technology_chief_executives
Whitney Wolfe Herd,https://en.wikipedia.org/wiki/Whitney_Wolfe_Herd,American_technology_chief_executives
Stephen Wolfram,https://en.wikipedia.org/wiki/Stephen_Wolfram,American_technology_chief_executives
Yishan Wong,https://en.wikipedia.org/wiki/Yishan_Wong,American_technology_chief_executives
Dennis Woodside,https://en.wikipedia.org/wiki/Dennis_Woodside,American_technology_chief_executives
Jessie Woolley-Wilson,https://en.wikipedia.org/wiki/Jessie_Woolley-Wilson,American_technology_chief_executives
David Wu (entrepreneur),https://en.wikipedia.org/wiki/David_Wu_(entrepreneur),American_technology_chief_executives
Ken Xie,https://en.wikipedia.org/wiki/Ken_Xie,American_technology_chief_executives
Sam Yagan,https://en.wikipedia.org/wiki/Sam_Yagan,American_technology_chief_executives
Jerry Yang,https://en.wikipedia.org/wiki/Jerry_Yang,American_technology_chief_executives
Carl Yankowski,https://en.wikipedia.org/wiki/Carl_Yankowski,American_technology_chief_executives
Bobby Yazdani,https://en.wikipedia.org/wiki/Bobby_Yazdani,American_technology_chief_executives
Justin Yoshimura,https://en.wikipedia.org/wiki/Justin_Yoshimura,American_technology_chief_executives
David Yu,https://en.wikipedia.org/wiki/David_Yu,American_technology_chief_executives
Mike S. Zafirovski,https://en.wikipedia.org/wiki/Mike_S._Zafirovski,American_technology_chief_executives
Payam Zamani,https://en.wikipedia.org/wiki/Payam_Zamani,American_technology_chief_executives
Edward Zander,https://en.wikipedia.org/wiki/Edward_Zander,American_technology_chief_executives
Jonathan Zarra,https://en.wikipedia.org/wiki/Jonathan_Zarra,American_technology_chief_executives
Jeffrey Zients,https://en.wikipedia.org/wiki/Jeffrey_Zients,American_technology_chief_executives
Tom Zuber,https://en.wikipedia.org/wiki/Tom_Zuber,American_technology_chief_executives
Mark Zuckerberg,https://en.wikipedia.org/wiki/Mark_Zuckerberg,American_technology_chief_executives
Richard Zuschlag,https://en.wikipedia.org/wiki/Richard_Zuschlag,American_technology_chief_executives
